Anderson,01/01/2013,Mr. W. Carson Wages,903-723-2949,903-723-5990,ndcadcarson@embarqmail.com,http://www.andersoncad.net,"P.O. Box 279, Palestine, TX 75802-0279","801 N. Perry St., Palestine, TX 75802-0279",26 Feb 15, 10:43:52 PM
Andrews,08/27/2013,Ms. Jackie Martin,432-523-9111,432-523-3222,jsmartin@suddenlinkmail.com,http://www.andrewscad.org/,"600 N. Main St., Andrews, TX 79714-5207","600 N. Main St., Andrews, TX 79714-5207",26 Feb 15, 10:43:52 PM
Angelina,01/01/2013,Mr. Tim Chambers,936-634-8456,936-634-8758,cad@angelinacad.org,http://www.angelinacad.org/,"P.O. Box 2357, Lufkin, TX 75902-2357","418 N. Second St., Lufkin, TX 75902-2357",26 Feb 15, 10:43:52 PM
Aransas,11/18/2013,Mr. Kevin Jamison,361-729-9733,361-729-9750,kevinj@aransascad.org,http://www.aransascad.org/,"601 S. Church St., Rockport, TX 78382-2513","601 S. Church St., Rockport, TX 78382-2513",26 Feb 15, 10:43:52 PM
Archer,01/01/2013,Ms. Kimbra York,940-574-2172,940-574-2509,rchcad@brazosnet.com,http://www.archercad.org/,"P.O. Box 1141, Archer City, TX 76351-1141","112 E. Walnut, Archer City, TX 76351-1141",26 Feb 15, 10:43:52 PM
Armstrong,01/01/2013,Mr. Joe D. Reck,806-226-4481,806-226-2654,rmstrongcad@amaonline.com,not listed,"P.O. Box 835, Claude, TX 79019-0835","County Courthouse, Claude, TX 79019-0835",26 Feb 15, 10:43:52 PM
Atascosa,01/01/2013,Ms. Michelle L. Cardenas,830-742-3591,830-742-3044,chelle.cardenas@atascosacad.com,http://www.trueautomation.com/,"P.O. Box 139, Poteet, TX 78065-0139","274 S. 4th St., Poteet, TX 78065-0139",26 Feb 15, 10:43:52 PM
Austin,01/01/2013,Ms. Carmen Ottmer,979-865-9124,979-865-3296,cottmer@austincad.org,http://www.austincad.org/,"906 E. Amelia St., Bellville, TX 77418-2843","906 E. Amelia St., Bellville, TX 77418-2843",26 Feb 15, 10:43:53 PM
Bailey,01/01/2013,Ms. Kaye Elliott,806-272-5501,806-272-3643,baileyca@fivearea.com,http://www.trueautomation.com/,"302 Main St., Muleshoe, TX 79347-3852","302 Main St., Muleshoe, TX 79347-3852",26 Feb 15, 10:43:53 PM
Bandera,01/01/2013,Ms. Wendy Grams,830-796-3039,830-460-3672,bancad@indian-creek.net,http://www.banderaproptax.org/,"P.O. Box 1119, Bandera, TX 78003-1119","1206 Main St., Bandera, TX 78003-1119",26 Feb 15, 10:43:53 PM
Bastrop,01/26/2015,Mr. Mark Boehnke,512-303-1930,512-303-4805,rkb@bastropcad.org,http://www.bastropcad.org/,"P.O. Box 578, Bastrop, TX 78602-0578","212 Jackson St., Bastrop, TX 78602-0578",26 Feb 15, 10:43:53 PM
Baylor,01/01/2013,Mr. Ronnie Hargrove,940-888-5636,940-888-5566,baylorcad@windstream.net,http://www.baylorcad.org,"211 N. Washington St., Seymour, TX 76380-2123","211 N. Washington St., Seymour, TX 76380-2123",26 Feb 15, 10:43:53 PM
Bee,01/01/2013,Mr. Domingo Palomo,361-358-0193,361-362-0140,beecad@beecad.org,http://www.beecad.org/,"401 N. Washington St., Beeville, TX 78102-3911","401 N. Washington St., Beeville, TX 78102-3911",26 Feb 15, 10:43:53 PM
Bell,12/11/2013,Mr. Marvin Hahn,254-939-5841,254-939-3909,rvin.hahn@bellcad.org,http://www.bellcad.org/,"P.O. Box 390, Belton, TX 76513-0390","411 E. Central Ave., Belton, TX 76513-0390",26 Feb 15, 10:43:53 PM
Bexar,01/01/2013,Mr. Michael Amezquita,210-224-8511,210-242-2451,cs@bcad.org,http://www.bcad.org/,"P.O. Box 830248, San Antonio, TX 78283-0248","411 N. Frio St., San Antonio, TX 78283-0248",26 Feb 15, 10:43:53 PM
Blanco,01/01/2013,Mrs. Hollis Boatright,830-868-4013,830-868-7330,nfo@blancocad.com,http://www.blancocad.com/,"P.O. Box 338, Johnson City, TX 78636-0338","615 N. Nugent Ave., Johnson City, TX 78636-0338",26 Feb 15, 10:43:53 PM
Borden,09/26/2014,Ms. Judy Harris, Interim,806-756-4484,806-756-4419,cooley@yahoo.com,not listed,"P.O. Box 298, Gail, TX 79738-0298","140 E. Wilbourn St., Gail, TX 79738-0298",26 Feb 15, 10:43:53 PM
Bosque,10/08/2013,Ms. Marilee Greenwood,254-435-2304,254-435-6139,rilee.greenwood@bosquecad.com,http://www.bosquecad.com/,"P.O. Box 393, Meridian, TX 76665-0393","9293 Hwy. 6, Meridian, TX 76665-0393",26 Feb 15, 10:43:53 PM
Bowie,02/14/2013,Mr. Mike Brower,903-793-8936,903-792-8889,brower@bowieappraisal.org,not listed,"P.O. Box 6527, Texarkana, TX 75505-6527","122 Plaza W., Suite A, Texarkana, TX 75505-6527",26 Feb 15, 10:43:53 PM
Brazoria,04/24/2014,Ms. Cheryl Evans,979-849-7792,<strong>Fax:&nbsp;</strong>,bcad@brazoriacad.org,http://www.brazoriacad.org/,"500 N. Chenango St., Angleton, TX 77515-4650","500 N. Chenango St., Angleton, TX 77515-4650",26 Feb 15, 10:43:54 PM
Brazos,09/24/2013,Mr. Mark Price,979-774-4100,979-774-4196,price@brazoscad.org,http://www.brazoscad.org/,"1673 Briarcrest Dr. #A-101, Bryan, TX 77802-2749","1673 Briarcrest Dr. #A-101, Bryan, TX 77802-2749",26 Feb 15, 10:43:54 PM
Brewster,01/01/2013,Mr. Matt White,432-837-2558,432-837-3871,chiefappraiser@brewstercotad.org,http://www.brewstercotad.org/,"107 W. Avenue E #2, Alpine, TX 79830-4618","107 W. Avenue E #2, Alpine, TX 79830-4618",26 Feb 15, 10:43:54 PM
Briscoe,01/01/2013,Ms. Pat McWaters,806-823-2161,806-823-2161,patmcwaters@hotmail.com,not listed,"P.O. Box 728, Silverton, TX 79257-0728","415 Main St., Silverton, TX 79257-0728",26 Feb 15, 10:43:54 PM
Brooks,01/01/2013,Ms. Mary Lou Cantu,361-325-8122,361-325-5494,cantu@bcisd.esc2.net,http://www.brookscad.org,"P.O. Drawer A, Falfurrias, TX 78355-5500","221 S. Calixto Mora Ave., Falfurrias, TX 78355-5500",26 Feb 15, 10:43:54 PM
Brown,01/01/2013,Mr. Brett McKibben,325-643-5676,325-646-8918,bmckibben@brown-cad.org,http://www.brown-cad.org/,"403 Fisk Ave., Brownwood, TX 76801-2929","403 Fisk Ave., Brownwood, TX 76801-2929",26 Feb 15, 10:43:54 PM
Burleson,02/11/2015,Ms. Pat Moraw, Interim,979-567-2318,979-567-2368,pjmoraw@burlesonappraisal.com,http://www.burlesonappraisal.com/,"P.O. Box 1000, Caldwell, TX 77836-1000","111 Fawn St., Caldwell, TX 77836-1000",26 Feb 15, 10:43:54 PM
Burnet,02/04/2014,Mr. Stan Hemphill,512-756-8291,512-756-7873,burnetad@nctv.com,http://www.burnet-cad.org/,"P.O. Box 908, Burnet, TX 78611-0908","223 S. Pierce St., Burnet, TX 78611-0908",26 Feb 15, 10:43:54 PM
Caldwell,10/09/2014,Ms. Mary LaPoint,512-398-5550,512-398-5551,ryl@caldwellcad.org,http://www.caldwellcad.org/,"P.O. Box 900, Lockhart, TX 78644-0900","610 San Jacinto St., Lockhart, TX 78644-0900",26 Feb 15, 10:43:54 PM
Calhoun,02/11/2015,Mr. Jerry Daum,361-552-4560,361-552-4787,jdaum@calhouncad.org,http://www.calhouncad.org/,"P.O. Box 49, Port Lavaca, TX 77979-0049","426 W. Main St., Port Lavaca, TX 77979-0049",26 Feb 15, 10:43:54 PM
Callahan,10/17/2013,Mr. Don Jones,325-854-5865,325-854-5866,don.jones@callahancad.org,http://www.callahancad.org/,"132 W. 4th St., Baird, TX 79504-5314","132 W. 4th St., Baird, TX 79504-5314",26 Feb 15, 10:43:54 PM
Cameron,07/24/2014,Mr. Frutoso Gomez Jr.,956-399-9322,956-361-6097,fgomez@cameroncad.org,http://www.cameroncad.org/,"P.O. Box 1010, San Benito, TX 78586-1010","2021 Amistad Dr., San Benito, TX 78586-1010",26 Feb 15, 10:43:54 PM
Camp,01/01/2013,Ms. Jan Tinsley,903-856-6538,903-856-6544,j.tinsley@campcad.org,http://www.campcad.org/,"143 Quitman St., Pittsburg, TX 75686-1361","143 Quitman St., Pittsburg, TX 75686-1361",26 Feb 15, 10:43:55 PM
Carson,01/01/2013,Ms. Donita Davis,806-537-3569,806-537-5343,ddavis4@valornet.com,http://www.carsoncad.org,"P.O. Box 970, Panhandle, TX 79068-0970","102 Main St., Panhandle, TX 79068-0970",26 Feb 15, 10:43:55 PM
Cass,01/01/2013,Ms. Leann Lee,903-756-7545,903-756-3270,casscad@windstream.net,http://www.casscad.org/,"502 N. Main St., Linden, TX 75563-5218","502 N. Main St., Linden, TX 75563-5218",26 Feb 15, 10:43:55 PM
Castro,01/01/2013,Mr. Jerry Heller,806-647-5131,806-647-5132,castrocad@valornet.com,not listed,"204 S.E. 3rd St. (Rear), Dimmitt, TX 79027-2612","204 S.E. 3rd St. (Rear), Dimmitt, TX 79027-2612",26 Feb 15, 10:43:55 PM
Chambers,06/27/2013,Mr. Mitchell McCullough,409-267-3795,<strong>Fax:&nbsp;</strong>,nfo@chamberscad.org,http://www.chamberscad.org/,"P.O. Box 1520, Anahuac, TX 77514-1520","1222 S. Ross Sterling Ave., Anahuac, TX 77514-1520",26 Feb 15, 10:43:55 PM
Cherokee,01/01/2013,Mr. J.L. Flowers,903-683-2296,903-683-6271,nfo@cherokeecad.net,http://www.cherokeecad.com/,"P.O. Box 494, Rusk, TX 75785-0494","107 E. 6th St., Rusk, TX 75785-0494",26 Feb 15, 10:43:55 PM
Childress,01/01/2013,Ms. Terry Holley,940-937-6062,940-937-3386,childresscad@sbcglobal.net,not listed,"1710 Avenue F N.W., Childress, TX 79201-3756","1710 Avenue F N.W., Childress, TX 79201-3756",26 Feb 15, 10:43:55 PM
Clay,01/01/2013,Mr. Gerald Holland,940-538-4311,940-538-4725,claycad1@gmail.com,http://www.claycad.org/,"P.O. Box 108, Henrietta, TX 76365-0108","101 E. Omega St., Henrietta, TX 76365-0108",26 Feb 15, 10:43:55 PM
Cochran,08/27/2014,Mr. David Greener,806-266-5584,806-266-5737,dgccad@windstream.net,not listed,"109 S.E. First St., Morton, TX 79346-3101","109 S.E. First St., Morton, TX 79346-3101",26 Feb 15, 10:43:55 PM
Coke,01/01/2013,Ms. Gayle Sisemore,325-453-4528,325-453-4529,gayle.sisemore@co.coke.tx.us,not listed,"P.O. Box 2, Robert Lee, TX 76945-0002","Courthouse, 2nd Floor W., Robert Lee, TX 76945-0002",26 Feb 15, 10:43:55 PM
Coleman,01/01/2013,Mr. Bill W. Jones,325-625-4155,325-625-5134,billjones@web-access.net,http://www.txcountydata.com/,"P.O. Box 914, Coleman, TX 76834-0914","105 S. Commercial Ave., Coleman, TX 76834-0914",26 Feb 15, 10:43:55 PM
Collin,01/26/2015,Mr. Bo Daffin,469-742-9200,<br />,bo.daffin@cadcollin.org,http://www.collincad.org/,"250 Eldorado Pkwy., McKinney, TX 75069-8023","250 Eldorado Pkwy., McKinney, TX 75069-8023",26 Feb 15, 10:43:55 PM
Collingsworth,11/07/2013,Mr. Dwight Bowen,806-447-5172,806-447-2198,collingsworthcad@hotmail.com,not listed,"800 West Ave., Box 9, Wellington, TX 79095-3037","800 West Ave., Box 9, Wellington, TX 79095-3037",26 Feb 15, 10:43:55 PM
Colorado,01/01/2013,Mr. Bill H. Mitchell,979-732-8222,979-733-0390,coloradocountycad@sbcglobal.net,http://www.coloradocad.org/,"P.O. Box 10, Columbus, TX 78934-0010","106 Cardinal Lane, Columbus, TX 78934-0010",26 Feb 15, 10:43:56 PM
Comal,01/15/2014,Mr. Curtis Koehler,830-625-8597,830-625-8598,curtisk@co.comal.tx.us,http://www.comalad.org/,"900 S. Seguin Ave., New Braunfels, TX 78130-7838","900 S. Seguin Ave., New Braunfels, TX 78130-7838",26 Feb 15, 10:43:56 PM
Comanche,01/01/2013,Ms. JoAnn Hohertz,325-356-5253,325-356-1363,joannh@comanchecad.org,http://www.comanchecad.org,"P.O. Box 6, Comanche, TX 76442-0006","8 Huett Cir., Comanche, TX 76442-0006",26 Feb 15, 10:43:56 PM
Concho,01/01/2013,Mr. Scott Sutton,325-732-4389,325-732-4234,concho_cad@yahoo.com,not listed,"P.O. Box 68, Paint Rock, TX 76866-0068","121 S. Roberts Ave., Paint Rock, TX 76866-0068",26 Feb 15, 10:43:56 PM
Cooke,01/15/2014,Mr. Doug Smithson,940-665-7651,940-668-2587,doug_smithson@sbcglobal.net,http://www.cookecad.org/,"201 N. Dixon St., Gainesville, TX 76240-3974","201 N. Dixon St., Gainesville, TX 76240-3974",26 Feb 15, 10:43:56 PM
Coryell,01/15/2014,Mr. Mitch Fast,254-865-6593,254-865-1280,fast@coryellcad.org,http://www.coryellcad.org/,"705 E. Main St., Gatesville, TX 76528","705 E. Main St., Gatesville, TX 76528",26 Feb 15, 10:43:56 PM
Cottle,01/01/2013,Ms. Nakia Hargrave,806-492-3345,806-492-3107,cottlead@caprock-spur.com,not listed,"P.O. Box 459, Paducah, TX 79248-0459","County Courthouse, Paducah, TX 79248-0459",26 Feb 15, 10:43:56 PM
Crane,12/03/2013,Mr. Byron Bitner,432-558-1021,432-558-1027,bbitner@craneisd.com,http://www.cranecad.org,"511 W. 8th St., Crane, TX 79731-3036","511 W. 8th St., Crane, TX 79731-3036",26 Feb 15, 10:43:56 PM
Crockett,07/22/2013,Ms. Rhonda Shaw,325-392-2674,325-392-2906,rhonda.shaw@co.crockett.tx.us,not listed,"P.O. Drawer H, Ozona, TX 76943-2507","909 Avenue D, Ozona, TX 76943-2507",26 Feb 15, 10:43:56 PM
Crosby,01/01/2013,Mrs. Kathy Lowrie,806-675-2356,806-675-2838,crosbycad@valornet.com,not listed,"P.O. Box 505, Crosbyton, TX 79322-0505","109 W. Aspen St., Crosbyton, TX 79322-0505",26 Feb 15, 10:43:56 PM
Culberson,07/11/2013,Ms. Maricel G. Gonzalez,432-283-2977,432-283-0027,cgonzalez.ccad@ymail.com,http://www.culbersoncad.org,"P.O. Box 550, Van Horn, TX 79855-0550","1800 W. Broadway St., Suite 318, Van Horn, TX 79855-0550",26 Feb 15, 10:43:56 PM
Dallam,06/05/2013,Ms. Holly McCauley,806-249-4424,806-249-4124,dcad@xit.net,http://www.dallamcad.org/,"P.O. Box 579, Dalhart, TX 79022-0579","401 Denver Ave., Dalhart, TX 79022-0579",26 Feb 15, 10:43:57 PM
Dallas,02/04/2014,Mr. Kenneth Nolan,214-631-0520,<a href="mailto:customerservice@dcad.org">customerservice@dcad.org</a>,customerservice@dcad.org,http://www.dallascad.org/,"2949 N. Stemmons Freeway, Dallas, TX 75247-6195","2949 N. Stemmons Freeway, Dallas, TX 75247-6195",26 Feb 15, 10:43:57 PM
Dawson,01/01/2013,Mrs. Norma J. Brock,806-872-7060,806-872-2364,dcad1@windstream.net,http://www.dawsoncad.org/,"P.O. Box 797, Lamesa, TX 79331-0797","1806 Lubbock Hwy., Lamesa, TX 79331-0797",26 Feb 15, 10:43:57 PM
Deaf,01/01/2013,Mr. Danny Jones,806-364-0625,806-364-6895,dscad@wtrt.net,http://www.deafsmithcad.org/,"P.O. Box 2298, Hereford, TX 79045-2298","140 E. 3rd St., Hereford, TX 79045-2298",26 Feb 15, 10:43:57 PM
Delta,07/08/2014,Ms. Kim Gregory,903-395-4118,903-395-4455,chiefappraiser@delta-cad.org,http://www.delta-cad.org/,"P.O. Box 47, Cooper, TX 75432-0047","1280 W. Dallas Ave., Cooper, TX 75432-0047",26 Feb 15, 10:43:57 PM
Denton,02/11/2015,Mr. Rudy Durham,940-349-3800,940-349-3801,chiefappraiser@dentoncad.com,http://www.dentoncad.com/,"P.O. Box 2816, Denton, TX 76202-2816","3911 Morse St., Denton, TX 76202-2816",26 Feb 15, 10:43:57 PM
DeWitt,01/01/2013,Ms. Beverly Malone,361-275-5753,361-275-9227,dcadbev@sbcglobal.net,http://www.dewittcad.org/,"103 E. Bailey St., Cuero, TX 77954-2400","103 E. Bailey St., Cuero, TX 77954-2400",26 Feb 15, 10:43:57 PM
Dickens,01/01/2013,Ms. Patti Abbott,806-623-5258,806-623-5259,dcad08@caprock-spur.com,http://www.dickenscad.org/,"P.O. Box 180, Dickens, TX 79229-0180","509 Montgomery St., Dickens, TX 79229-0180",26 Feb 15, 10:43:57 PM
Dimmit,01/01/2013,Ms. Norma Carrillo,830-876-3420,830-876-5137,carrillo_dimmitcad@sbcglobal.net,http://www.dimmit-cad.org/,"404 W. Pena St., Carrizo Springs, TX 78834-3216","404 W. Pena St., Carrizo Springs, TX 78834-3216",26 Feb 15, 10:43:57 PM
Donley,01/01/2013,Ms. Paula Lowrie,806-874-2744,806-874-5048,paula.lowrie@donleycad.org,not listed,"P.O. Box 1220, Clarendon, TX 79226-1220","307 S. Sully St., Clarendon, TX 79226-1220",26 Feb 15, 10:43:57 PM
Duval,04/28/2014,Mr. Gary Zeitler, Interim,361-279-3305,361-279-2622,sherrieelizondo@duvalcad.org,http://www.duvalcad.org,"P.O. Box 809, San Diego, TX 78384-0809","100 W. Gravis St., San Diego, TX 78384-0809",26 Feb 15, 10:43:57 PM
Eastland,02/14/2013,Mr. Randy Clark,254-629-8597,254-631-0628,randy@eastlandcad.org,http://www.eastlandcad.org,"P.O. Box 914, Eastland, TX 76448-0914","102 N. Lamar St., Suite 200, Eastland, TX 76448-0914",26 Feb 15, 10:43:57 PM
Ector,01/15/2014,Ms. Anita Campbell,<strong>Phone:&nbsp;</strong>,<strong>Fax:&nbsp;</strong>,nita.campbell@ectorcad.org,http://www.ectorcad.org/,"1301 E. 8th St., Odessa, TX 79761-4703","1301 E. 8th St., Odessa, TX 79761-4703",26 Feb 15, 10:43:57 PM
Edwards,11/19/2014,Ms. Nelia NcNeal,830-683-4189,830-683-4193,chiefappraiser@swtexas.net,not listed,"P.O. Box 858, Rocksprings, TX 78880-0858","101 E. Main St., Rocksprings, TX 78880-0858",26 Feb 15, 10:43:58 PM
Ellis,08/16/2013,Ms. Kathy Rodrigue,972-937-3552,<strong>Fax:&nbsp;</strong>,ecad@elliscad.com,http://www.elliscad.org/,"P.O. Box 878, Waxahachie, TX 75165-0878","400 Ferris Ave., Waxahachie, TX 75165-0878",26 Feb 15, 10:43:58 PM
El,05/28/2014,Ms. Dinah Kilgore,915-780-2000,915-780-2130,dmin@epcad.org,http://www.epcad.org/,"5801 Trowbridge Dr., El Paso, TX 79925-3345","5801 Trowbridge Dr., El Paso, TX 79925-3345",26 Feb 15, 10:43:58 PM
Erath,01/18/2014,Mr. Jerry D. Lee,254-965-5434,254-965-5633,erathcad@our-town.com,http://www.isouthwestdata.com/,"1390 N. Harbin Dr., Stephenville, TX 76401-2026","1390 N. Harbin Dr., Stephenville, TX 76401-2026",26 Feb 15, 10:43:58 PM
Falls,09/02/2014,Mr. Allen W. McKinley,254-883-2543,254-883-6500,nfo@fallscad.iswdata.com,http://www.isouthwestdata.com,"403 Craik St., Marlin, TX 76661-2817","403 Craik St., Marlin, TX 76661-2817",26 Feb 15, 10:43:58 PM
Fannin,05/03/2013,Mr. Michael R. Jones, RPA, CCA,903-583-8701,903-583-8015,jones@fannincad.org,http://www.fannincad.org/,"831 W. State Hwy. 56, Bonham, TX 75418-8604","831 W. State Hwy. 56, Bonham, TX 75418-8604",26 Feb 15, 10:43:58 PM
Fayette,02/21/2013,Mr. Richard Moring,979-968-8383,979-968-8385,richard@fayettecadorg,http://www.fayettecad.org/,"P.O. Box 836, La Grange, TX 78945-0836","111 S. Vail St., La Grange, TX 78945-0836",26 Feb 15, 10:43:58 PM
Fisher,08/27/2013,Mrs. Twyla Butler, Interim,325-776-2733,325-776-2636,fishercad@sbcglobal.net,http://www.fishercad.org,"P.O. Box 516, Roby, TX 79543-0516","107 E. North 1st St., Roby, TX 79543-0516",26 Feb 15, 10:43:58 PM
Floyd,01/01/2013,Mr. Jim Finley,806-983-5256,806-983-6230,floydcad@sbcglobal.net,http://www.myswdata.com/,"P.O. Box 249, Floydada, TX 79235-0249","104 E. California St., Floydada, TX 79235-0249",26 Feb 15, 10:43:58 PM
Foard,01/01/2013,Ms. Jo Ann Vecera,940-684-1225,940-684-1676,foardapp@yahoo.com,not listed,"P.O. Box 419, Crowell, TX 79227-0419","200 N. Main St., Crowell, TX 79227-0419",26 Feb 15, 10:43:58 PM
Fort,11/19/2014,Mr. Glen Whitehead,281-344-8623,281-762-9666,glenwhitehead@fbcad.org,http://www.fbcad.org/,"2801 B.F. Terry Blvd., Rosenberg, TX 77471-5600","2801 B.F. Terry Blvd., Rosenberg, TX 77471-5600",26 Feb 15, 10:43:58 PM
Franklin,07/24/2014,Ms. Genea Burnaman,903-537-2286,903-537-2812,franklinchief@suddenlinkmail.com,http://www.franklincad.com/,"P.O. Box 720, Mount Vernon, TX 75457-0720","310 W. Main St., Mount Vernon, TX 75457-0720",26 Feb 15, 10:43:59 PM
Freestone,01/01/2013,Mr. Bud Black, RPA, RTA, CTA,903-389-5510,903-389-5955,general.info@freestonecad.org,http://www.freestonecad.org/,"218 N. Mount St., Fairfield, TX 75840-3144","218 N. Mount St., Fairfield, TX 75840-3144",26 Feb 15, 10:43:59 PM
Frio,01/01/2013,Mr. Luciano R. Gonzales Jr.,830-334-4163,830-334-5568,friocad@yahoo.com,http://www.friocad.org,"P.O. Box 1129, Pearsall, TX 78061-1129","815 S. Oak St., Pearsall, TX 78061-1129",26 Feb 15, 10:43:59 PM
Gaines,01/01/2013,Ms. Gayla Harridge,432-758-3263,<strong>Fax:&nbsp;</strong>,gainescad@sbcglobal.net,http://www.gainescad.org/,"P.O. Box 490, Seminole, TX 79360-0490","302 S.E. Avenue B, Seminole, TX 79360-0490",26 Feb 15, 10:43:59 PM
Galveston,02/11/2015,Mr. Tommy Watson,409-935-1980,<strong>Fax:&nbsp;</strong>,gcad@galvestoncad.org,http://www.galvestoncad.org/,"9850 Emmett F. Lowry Expwy, Suite A, Texas City, TX 77591","9850 Emmett F. Lowry Expwy, Suite A, Texas City, TX 77591",26 Feb 15, 10:43:59 PM
Garza,01/01/2013,Ms. Irene Fry,806-495-3518,806-495-2055,garzacad@poka.com,not listed,"P.O. Drawer F, Post, TX 79356-0290","124 E. Main St., Post, TX 79356-0290",26 Feb 15, 10:43:59 PM
Gillespie,01/01/2013,Mr. David Oehler, RPA,830-997-9807,830-990-0860,ffice@gillcad.org,http://www.gillespiecad.org/,"101 W. Main St., Unit 11, Fredericksburg, TX 78624-3700","101 W. Main St., Basement Ste. 101-A, Fredericksburg, TX 78624-3700",26 Feb 15, 10:43:59 PM
Glasscock,11/04/2014,Ms. Priscilla A. Ginnetti,432-354-2580,432-354-2354,glasscockcad@crcom.net,http://www.glasscockcad.org/,"P.O. Box 155, Garden City, TX 79739-0155","124 N. Main, Garden City, TX 79739-0155",26 Feb 15, 10:43:59 PM
Goliad,08/18/2014,Mr. Richard Miller,361-645-2492,361-645-3200,rmiller@goliadisd.org,http://goliadcad.org/,"P.O. Box 34, Goliad, TX 77963-0034","161 N. Welch St., Goliad, TX 77963-0034",26 Feb 15, 10:43:59 PM
Gonzales,01/01/2013,Mr. John Liford,830-672-2879,830-672-8345,gonzcad@gvec.net,http://www.gonzalescad.org/,"P.O. Box 867, Gonzales, TX 78629-0867","928 Saint Paul St., Gonzales, TX 78629-0867",26 Feb 15, 10:43:59 PM
Gray,07/11/2013,Mr. Tyson Paronto,806-665-0791,806-665-1213,yson.paronto@graycad.org,http://www.graycad.org/,"P.O. Box 836, Pampa, TX 79066-0836","815 N. Sumner St., Pampa, TX 79066-0836",26 Feb 15, 10:43:59 PM
Grayson,10/28/2013,Mr. Shawn D. Coker,903-893-9673,903-892-3835,webmaster@graysonappraisal.org,http://www.graysonappraisal.org/,"512 N. Travis St., Sherman, TX 75090","512 N. Travis St., Sherman, TX 75090",26 Feb 15, 10:44:00 PM
Gregg,01/01/2013,Mr. Thomas Hays,903-238-8823,903-238-8830,hays@gcad.org,http://www.gcad.org/,"4367 W. Loop 281, Longview, TX 75604-5550","4367 W. Loop 281, Longview, TX 75604-5550",26 Feb 15, 10:44:00 PM
Grimes,01/01/2013,Mr. Bill Sullivan,936-873-2163,936-873-2154,gcad@grimescad.org,http://www.grimescad.org/,"P.O. Box 489, Anderson, TX 77830-0489","360 Hill St., Anderson, TX 77830-0489",26 Feb 15, 10:44:00 PM
Guadalupe,08/16/2013,Mrs. Jamie Osborne,<strong>Phone:&nbsp;</strong>,<strong>Fax:&nbsp;</strong>,gadprotest@guadalupead.org,http://www.guadalupead.org/,"3000 N. Austin St., Seguin, TX 78155-7320","3000 N. Austin St., Seguin, TX 78155-7320",26 Feb 15, 10:44:00 PM
Hale,01/01/2013,Ms. Nikki Branscum,806-293-4226,806-293-1834,halecad1981@sbcglobal.net,http://www.halecad.org,"P.O. Box 29, Plainview, TX 79073-0029","302 W. 8th St., Plainview, TX 79073-0029",26 Feb 15, 10:44:00 PM
Hall,01/01/2013,Ms. Gina Chavira,806-259-2393,806-259-2384,hallcad@hotmail.com,http://www.hallcad.org,"512 W. Main St., Suite 14, Memphis, TX 79245-3300","512 W. Main St., Suite 14, Memphis, TX 79245-3300",26 Feb 15, 10:44:00 PM
Hamilton,01/18/2014,Mr. Doyle Roberts,254-386-8945,254-386-8947,doyleroberts@embarqmail.com,http://www.hamiltoncad.org/,"119 E. Henry St., Hamilton, TX 76531-1909","119 E. Henry St., Hamilton, TX 76531-1909",26 Feb 15, 10:44:00 PM
Hansford,01/01/2013,Ms. Sonya Shieldknight,806-659-5575,806-659-5109,hansfordcad@windstream.net,http://www.hansfordcad.org/,"709 W. Seventh Ave., Spearman, TX 79081-3407","709 W. Seventh Ave., Spearman, TX 79081-3407",26 Feb 15, 10:44:00 PM
Hardeman,01/01/2013,Ms. Jan Evans,940-663-2532,940-663-6490,jan.evans@qisd.net,not listed,"P.O. Box 388, Quanah, TX 79252-0388","405 S. Main St., Quanah, TX 79252-0388",26 Feb 15, 10:44:00 PM
Hardin,01/01/2013,Mr. Alex Stephens,409-246-2507,409-246-4714,hcad@gtbizclass.com,http://hardincountycad.com/,"P.O. Box 670, Kountze, TX 77625-0670","105 S. Pine St., Kountze, TX 77625-0670",26 Feb 15, 10:44:00 PM
Harris,10/06/2014,Mr. Sands Stiefer,713-812-5800,713-957-5210,help@hcad.org,http://www.hcad.org/,"P.O. Box 920975, Houston, TX 77292-0975","13013 Northwest Frwy., Houston, TX 77292-0975",26 Feb 15, 10:44:00 PM
Harrison,10/28/2013,Mr. Robert Lisman,903-935-1991,<br />,robertl@harrisoncad.net,http://www.isouthwestdata.com/client/webindex.aspx?dbkey=harrisoncad&time=2013731249056,"P.O. Box 818, Marshall, TX 75671-0818","601 S. Washington St., Marshall, TX 75671-0818",26 Feb 15, 10:44:00 PM
Hartley,01/26/2015,Ms. Patsy J. Lowry,806-365-4515,806-365-4582,hartleyappr@hartleycad.com,http://www.myswdata.com/,"P.O. Box 405, Hartley, TX 79044-0405","1011 4th St., Hartley, TX 79044-0405",26 Feb 15, 10:44:01 PM
Haskell,10/28/2013,Ms. Leah Robertson,940-864-3805,940-864-3075,robertson@haskellcad.com,http://www.haskellcad.com/,"P.O. Box 467, Haskell, TX 79521-0467","604 N. 1st St., Haskell, TX 79521-0467",26 Feb 15, 10:44:01 PM
Hays,10/06/2014,Mr. David G. Valle,<strong>Phone:&nbsp;</strong>,<strong>Fax:&nbsp;</strong>,dvalle@hayscad.com,http://www.hayscad.com/,"21001 N. IH 35, Kyle, TX 78640-4795","21001 N. IH 35, Kyle, TX 78640-4795",26 Feb 15, 10:44:01 PM
Hemphill,01/01/2013,Mr. Jason Carson,806-323-8022,806-323-8430,hemphillcad@sbcglobal.net,not listed,"223 Main St., Canadian, TX 79014-2212","223 Main St., Canadian, TX 79014-2212",26 Feb 15, 10:44:01 PM
Henderson,10/16/2014,Mr. Bill Jackson,903-675-9296,903-675-4223,billj@hendersoncadtx.org,http://www.isouthwestdata.com,"P.O. Box 430, Athens, TX 75751-0430","1751 Enterprise St., Athens, TX 75751-0430",26 Feb 15, 10:44:01 PM
Hidalgo,01/01/2013,Mr. Rolando Garza,956-381-8466,956-289-2120,rgarza@hidalgoad.org,http://www.hidalgoad.org/,"P.O. Box 208, Edinburg, TX 78540-0208","4405 S. Professional Dr., Edinburg, TX 78540-0208",26 Feb 15, 10:44:01 PM
Hill,01/01/2013,Mr. Mike McKibben,254-582-2508,254-582-3654,ckibben@hillsboro.net,http://www.hillcad.org/,"P.O. Box 416, Hillsboro, TX 76645-0416","1407 Abbott Ave., Hillsboro, TX 76645-0416",26 Feb 15, 10:44:01 PM
Hockley,01/01/2013,Mr. Greg Kelley,806-894-9654,806-894-9671,gregk@hockleycad.org,http://www.hockleycad.org/,"P.O. Box 1090, Levelland, TX 79336-1090","1103-C Houston St., Levelland, TX 79336-1090",26 Feb 15, 10:44:01 PM
Hood,07/22/2013,Mr. Greg Stewart,817-573-2471,817-573-6451,hoodapp@itexas.net,http://www.isouthwestdata.com/,"P.O. Box 819, Granbury, TX 76048-0819","1902 W. Pearl St., Granbury, TX 76048-0819",26 Feb 15, 10:44:02 PM
Hopkins,01/01/2013,Ms. Cathy N. Singleton,903-885-2173,903-885-2175,hopkinscad@suddenlinkmail.com,http://www.myswdata.com/,"P.O. Box 753, Sulphur Springs, TX 75482-0753","109 College St., Sulphur Springs, TX 75482-0753",26 Feb 15, 10:44:02 PM
Houston,01/01/2013,Ms. Kathryn Keith,936-544-9655,936-544-8213,houstoncad@valornet.com,http://www.houstoncad.org/,"P.O. Box 112, Crockett, TX 75835-0112","1512-B E. Loop 304, Crockett, TX 75835-0112",26 Feb 15, 10:44:02 PM
Howard,01/01/2013,Mr. Ronny Babcock,432-263-8301,432-263-8303,cad@howardcad.org,http://www.taxnetusa.com,"P.O. Drawer 1151, Big Spring, TX 79720-1151","315 S. Main St., Big Spring, TX 79720-1151",26 Feb 15, 10:44:02 PM
Hudspeth,01/01/2013,Mr. Zedoch L. Pridgeon, RPA, RTC,915-369-4118,915-369-3621,hudspethappraisaldistrict@yahoo.com,not listed,"P.O. Box 429, Sierra Blanca, TX 79851-0429","103 W. Millican St., Sierra Blanca, TX 79851-0429",26 Feb 15, 10:44:02 PM
Hunt,01/01/2013,Mr. Brent South,903-454-3510,903-454-4160,huntcad@hunt-cad.org,http://www.hunt-cad.org/,"P.O. Box 1339, Greenville, TX 75403-1339","4801 King St., Greenville, TX 75403-1339",26 Feb 15, 10:44:02 PM
Hutchinson,01/18/2014,Mr. Joe Raper,806-274-2294,806-273-3400,j.raper@hutchinsoncad.com,http://www.hutchinsoncad.org/,"P.O. Box 5065, Borger, TX 79008-5065","920 Illinois Ave., Borger, TX 79008-5065",26 Feb 15, 10:44:02 PM
Irion,01/01/2013,Mr. Byron Bitner,325-835-3551,325-835-2018,rioncad@verizon.net,not listed,"P.O. Box 980, Mertzon, TX 76941-0980","209 N. Parkview, Mertzon, TX 76941-0980",26 Feb 15, 10:44:02 PM
Jack,01/01/2013,Ms. Kathy R. Conner,940-567-6301,940-567-3640,jackcad119@yahoo.com,http://www.jackcad.org/,"P.O. Box 958, Jacksboro, TX 76458-0958","210 N. Church St., Jacksboro, TX 76458-0958",26 Feb 15, 10:44:02 PM
Jackson,06/02/2014,Mr. Damon D. Moore,361-782-7115,361-782-0369,nfo@jacksoncad.org,http://www.jacksoncad.org/,"404 N. Allen St., Edna, TX 77957-2604","404 N. Allen St., Edna, TX 77957-2604",26 Feb 15, 10:44:02 PM
Jasper,01/01/2013,Mr. David Luther,409-384-2544,409-384-7416,http://www.jaspercad.org,not listed,"P.O. Box 1300, Jasper, TX 75951-1300","137 N. Main St., Jasper, TX 75951-1300",26 Feb 15, 10:44:02 PM
Jeff,01/01/2013,Mr. Zedoch L. Pridgeon, RPA, RTC,432-426-3210,432-426-3437,jeffdavisappraisal@yahoo.com,http://www.jeffdaviscad.org,"P.O. Box 373, Fort Davis, TX 79734-0373","100 Court Ave., Fort Davis, TX 79734-0373",26 Feb 15, 10:44:03 PM
Jefferson,01/18/2014,Mr. Roland R. Bieber,409-840-9944,409-840-9732,nfo@jcad.org,http://www.jcad.org/,"P.O. Box 21337, Beaumont, TX 77720-1337","4610 S. Fourth St., Beaumont, TX 77720-1337",26 Feb 15, 10:44:03 PM
Jim,01/01/2013,Mr. Jorge Arellano,361-527-4033,361-527-4034,Arellano.jorge@sbcglobal.net,not listed,"P.O. Box 459, Hebbronville, TX 78361-0459","515 W. Viggie St., Hebbronville, TX 78361-0459",26 Feb 15, 10:44:03 PM
Jim,10/06/2014,Mr. J. Sidney Vela,361-668-9656,361-668-6423,jsvela@jimwellscad.org,http://www.jimwellscad.org/,"P.O. Box 607, Alice, TX 78333-0607","1600 E. Main St., Ste. 100, Alice, TX 78333-0607",26 Feb 15, 10:44:03 PM
Johnson,10/09/2014,Mr. Jim Hudspeth,817-648-3000,817-645-3105,customerservice@johnsoncad.net,http://www.johnsoncad.com/,"109 N. Main St., Cleburne, TX 76033-4941","109 N. Main St., Cleburne, TX 76033-4941",26 Feb 15, 10:44:03 PM
Jones,01/01/2013,Mrs. Kim McLemore,325-823-2422,325-823-2424,jonescad@hotmail.com,http://www.jonescad.org/,"P.O. Box 348, Anson, TX 79501-0348","1137 E. Court Plaza, Anson, TX 79501-0348",26 Feb 15, 10:44:03 PM
Karnes,01/18/2014,Mr. Jesse Hubbell,830-780-2433,830-780-4436,jesse.kcad@sbcglobal.net,http://www.karnescad.org,"915 S. Panna Maria Ave., Karnes City, TX 78118-4105","915 S. Panna Maria Ave., Karnes City, TX 78118-4105",26 Feb 15, 10:44:03 PM
Kaufman,01/18/2014,Mr. Chris Peace,972-932-6081,<br />,chris.peace@kaufman-cad.org,http://www.kaufman-cad.org/,"P.O. Box 819, Kaufman, TX 75142-0819","3950 S. Houston St., Kaufman, TX 75142-0819",26 Feb 15, 10:44:03 PM
Kendall,02/19/2015,Mr. Shelby W. Presley,830-249-8012,830-249-3975,shelby.presley@kendallad.org,http://www.kendallad.org/,"118 Market Ave., Boerne, TX 78006","118 Market Ave., Boerne, TX 78006",26 Feb 15, 10:44:03 PM
Kenedy,01/01/2013,Mr. Thomas G. Denney,361-294-5333,866-303-6553,ppraiser@kenedycad.com,not listed,"P.O. Box 39, Sarita, TX 78385-0039","150 N. Turcotte St., Sarita, TX 78385-0039",26 Feb 15, 10:44:03 PM
Kent,01/01/2013,Ms. Kay Byrd,806-237-3066,806-237-3067,kentco@caprock-spur.com,http://www.kentcad.org/,"P.O. Box 68, Jayton, TX 79528-0068","155 S. Main St., Jayton, TX 79528-0068",26 Feb 15, 10:44:03 PM
Kerr,01/18/2014,Mr. P. H. 'Fourth' Coates IV,830-895-5223,830-895-5227,fourth.coates@kerrcad.org,http://www.kerrcad.org/,"P.O. Box 294387, Kerrville, TX 78029-4387","1836 Junction Hwy., Kerrville, TX 78029-4387",26 Feb 15, 10:44:04 PM
Kimble,01/01/2013,Ms. Kandy Dick,325-446-3717,325-446-4361,kdick@kimblecad.org,http://www.kimblecad.org/,"P.O. Box 307, Junction, TX 76849-0307","501 Main St., Junction, TX 76849-0307",26 Feb 15, 10:44:04 PM
King,01/01/2013,Mrs. Kala Briggs,806-596-4588,806-596-4041,kingcad@caprock-spur.com,not listed,"P.O. Box 117, Guthrie, TX 79236-0117","800 S. Baker Street, Guthrie, TX 79236-0117",26 Feb 15, 10:44:04 PM
Kinney,01/01/2013,Gene C. Slate, RTC,830-563-2323,830-563-9292,kinneycad@sbcglobal.net,http://www.kinneycad.org/,"P.O. Box 1377, Brackettville, TX 78832-1377","412 S. Ann St., Brackettville, TX 78832-1377",26 Feb 15, 10:44:04 PM
Kleberg,08/18/2014,Ms. Tina Flores,361-595-5775,361-595-7984,http://www.klebergcad.org/,not listed,"P.O. Box 1027, Kingsville, TX 78363-1027","502 E. Kleberg St., Kingsville, TX 78363-1027",26 Feb 15, 10:44:04 PM
Knox,01/01/2013,Ms. Mitzi Welch,940-459-3891,940-459-2004,knoxcad@yahoo.com,not listed,"P.O. Box 47, Benjamin, TX 79505-0047","100 W. Cedar St., Benjamin, TX 79505-0047",26 Feb 15, 10:44:04 PM
Lamar,01/01/2013,Mr. Jerry Patton,903-785-7822,903-785-8322,j.patton@lamarcad.org,http://www.trueautomation.com/,"P.O. Box 400, Paris, TX 75461-0400","521 Bonham St., Paris, TX 75461-0400",26 Feb 15, 10:44:04 PM
Lamb,05/08/2014,Ms. Lesa Kloiber,806-385-6474,<strong>Fax:&nbsp;</strong>,bcad@nts-online.net,http://www.lambcad.org/,"P.O. Box 950, Littlefield, TX 79339-0950","1500 E. Delano Ave., Littlefield, TX 79339-0950",26 Feb 15, 10:44:04 PM
Lampasas,01/01/2013,Ms. Melissa Gonzales,512-556-8058,512-556-4660,pasascad@sbcglobal.net,http://www.lampasascad.org/,"P.O. Box 175, Lampasas, TX 76550-0175","109 E. 5th St., Lampasas, TX 76550-0175",26 Feb 15, 10:44:04 PM
LaSalle,01/18/2014,Ms. Annie Garcia,830-879-4756,830-879-4067,garcia_lasallecad@sbcglobal.net,http://www.lasallecad.com,"P.O. Box 1530, Cotulla, TX 78014-1530","201 S. Main St., Cotulla, TX 78014-1530",26 Feb 15, 10:44:04 PM
Lavaca,11/04/2014,Mr. Greg Cook,361-798-4396,361-798-2653,gregc@lavacacountyappraisaldistrict.com,http://www.lavacacad.com/,"P.O. Box 386, Hallettsville, TX 77964-0386","113 N. Main St., Hallettsville, TX 77964-0386",26 Feb 15, 10:44:04 PM
Lee,08/27/2014,Mr. James Orr,979-542-9618,979-542-3705,nfo@leecad.net,http://www.lee-cad.org/,"898 E. Richmond St., Suite 100, Giddings, TX 78942-4252","898 E. Richmond St., Suite 100, Giddings, TX 78942-4252",26 Feb 15, 10:44:04 PM
Leon,07/03/2013,Mr. Jeff Beshears,903-536-2252,903-536-2377,eoncentral@windstream.net,http://www.leoncad.org/,"P.O. Box 536, Centerville, TX 75833-0536","141 W. Saint Mary's St., Centerville, TX 75833-0536",26 Feb 15, 10:44:05 PM
Liberty,01/01/2013,Mr. Alan Conner,936-336-5722,936-336-8390,conner@libertycad.com,http://www.libertycad.com/,"P.O. Box 10016, Liberty, TX 77575-2916","2030 Sam Houston, Liberty, TX 77575-2916",26 Feb 15, 10:44:05 PM
Limestone,09/25/2013,Mrs. Karen Wietzikoski,254-729-3009,254-729-5534,karenw@co.limestone.tx.us,http://www.limestonecad.com/,"P.O. Drawer 831, Groesbeck, TX 76642-0831","200 W. State St., Groesbeck, TX 76642-0831",26 Feb 15, 10:44:05 PM
Lipscomb,01/01/2013,Mrs. Pam Scates,806-624-2881,806-624-2003,cad@tgcomp.net,http://www.myswdata.com/,"P.O. Box 128, Darrouzett, TX 79024-0128","101 W. Broadway St., Darrouzett, TX 79024-0128",26 Feb 15, 10:44:05 PM
Live,03/13/2014,Ms. Debra Morin,361-449-2641,361-449-2774,veoakcad@liveoakappraisal.com,http://www.tax.cagi.com/,"P.O. Box 2370, George West, TX 78022-2370","205 Bowie St., George West, TX 78022-2370",26 Feb 15, 10:44:05 PM
Llano,01/26/2015,Ms. Cindy Cowan, RPA,325-247-3065,325-247-4656,ccllanocad@verizon.net,http://www.llanocad.com/,"103 E. Sandstone St., Llano, TX 78643-2039","103 E. Sandstone St., Llano, TX 78643-2039",26 Feb 15, 10:44:05 PM
Loving,05/08/2014,Ms. Sherlene Burrows,432-377-2201,432-377-2011,cappraiser@co.loving.tx.us,not listed,"P.O. Box 352, Mentone, TX 79754-0352","100 Bell St., Mentone, TX 79754-0352",26 Feb 15, 10:44:05 PM
Lubbock,03/13/2014,Mr. Tim Radloff,806-762-5000,806-762-2451,radloff@lubbockcad.org,http://www.lubbockcad.org/,"P.O. Box 10542, Lubbock, TX 79408-0542","2109 Avenue Q, Lubbock, TX 79408-0542",26 Feb 15, 10:44:05 PM
Lynn,01/01/2013,Ms. Marquita Scott,806-561-5477,806-561-4057,ynncad@poka.com,http://www.lynncad.org/,"P.O. Box 789, Tahoka, TX 79373-0789","1615 Main St., Tahoka, TX 79373-0789",26 Feb 15, 10:44:05 PM
Madison,11/19/2014,Mr. Matt Newton,936-348-2783,936-348-6188,disoncad@madisoncad.org,http://www.madisoncad.org/,"P.O. Box 1328, Madisonville, TX 77864-1328","808 State St., Madisonville, TX 77864-1328",26 Feb 15, 10:44:05 PM
Marion,01/18/2014,Mr. Coy Johnson,<br />,903-665-2576,coyj@marioncad.org,http://www.marioncad.org/,"P.O. Box 690, Jefferson, TX 75657-0690","312 W. Broadway St., Jefferson, TX 75657-0690",26 Feb 15, 10:44:05 PM
Martin,01/01/2013,Ms. Marsha Graves,432-756-2823,432-756-2825,rtincad@crcom.net,http://www.martincad.org/,"P.O. Box 1349, Stanton, TX 79782-1349","308 N. St. Peter, Stanton, TX 79782-1349",26 Feb 15, 10:44:06 PM
Mason,01/01/2013,Mr. Ted H. Smith,325-347-5989,325-347-5302,smith4@verizon.net,not listed,"P.O. Box 1119, Mason, TX 76856-1119","200 Ft. McKavitt St., Mason, TX 76856-1119",26 Feb 15, 10:44:06 PM
Matagorda,01/01/2013,Mr. Vince Maloney,979-244-2031,<br />,cad@co.matagorda.tx.us,http://www.matagorda-cad.org/,"2225 Avenue G, Bay City, TX 77414-5018","2225 Avenue G, Bay City, TX 77414-5018",26 Feb 15, 10:44:06 PM
Maverick,01/18/2014,Ms. Maggie Duran,830-773-0255,830-773-8652,g@maverickcad.org,http://www.maverickcad.org/,"P.O. Box 2628, Eagle Pass, TX 78853-2628","2243 N. Veterans Blvd., Eagle Pass, TX 78853-2628",26 Feb 15, 10:44:06 PM
McCulloch,01/01/2013,Mr. Zane Brandenberger,325-597-1627,325-597-2408,ccullochcad@verizon.net,http://www.mccullochcad.org,"306 W. Lockhart St., Brady, TX 76825-4113","306 W. Lockhart St., Brady, TX 76825-4113",26 Feb 15, 10:44:06 PM
McLennan,09/10/2013,Mr. Andrew J. Hahn Jr.,254-752-9864,254-752-8225,cadmail@mclennancad.org,http://www.mclennancad.org/,"P.O. Box 2297, Waco, TX 76703-2297","315 S. 26th St., Waco, TX 76703-2297",26 Feb 15, 10:44:06 PM
McMullen,04/30/2014,Mr. Juan Saucedo,361-274-3638,361-274-3618,juan.saucedo@mcmullencounty.org,http://www.co.mcmullen.tx.us,"P.O. Box 38, Tilden, TX 78072-0038","501 River St., Tilden, TX 78072-0038",26 Feb 15, 10:44:06 PM
Medina,02/11/2015,Ms. Johnette Dixon,830-741-3035,803-426-4660,ppraisal4356@sbcglobal.net,http://www.medinacountytx.org,"1410 Avenue K, Hondo, TX 78861-1300","1410 Avenue K, Hondo, TX 78861-1300",26 Feb 15, 10:44:06 PM
Menard,02/21/2013,Ms. Kayla Wagner,325-396-4784,325-396-2916,kwagner@menardcad.org,http://www.menardcad.org,"P.O. Box 1008, Menard, TX 76859-1008","110 Bevans, Menard, TX 76859-1008",26 Feb 15, 10:44:06 PM
Midland,04/24/2014,Mr. Jerry Bundick,<strong>Phone:&nbsp;</strong>,<strong>Fax:&nbsp;</strong>,jbundick@midcad.org,http://www.midcad.org/,"P.O. Box 908002, Midland, TX 79703-8002","4631 Andrews Hwy., Midland, TX 79703-8002",26 Feb 15, 10:44:06 PM
Milam,07/17/2014,Ms. Dyann White,254-697-6638,<strong>Fax:&nbsp;</strong>,dwhite@milamad.org,http://www.milamad.org/,"P.O. Box 769, Cameron, TX 76520-0769","120 N. Houston Ave., Cameron, TX 76520-0769",26 Feb 15, 10:44:06 PM
Mills,01/01/2013,Ms. Dori Blesh,325-648-2253,325-648-3458,scad@centex.net,http://www.myswdata.com/,"P.O. Box 565, Goldthwaite, TX 76844-0565","901 W. 6th St., Goldthwaite, TX 76844-0565",26 Feb 15, 10:44:06 PM
Mitchell,01/01/2013,Ms. Linda McSpadden,325-728-5028,325-728-8024,cad1@sbcglobal.net,http://www.mitchellcad.org/,"2112 Hickory St., Colorado City, TX 79512-3448","2112 Hickory St., Colorado City, TX 79512-3448",26 Feb 15, 10:44:07 PM
Montague,01/01/2013,Ms. Kim Haralson,940-894-6011,940-894-6599,ctad@windstream.net,http://www.myswdata.com/,"P.O. Box 121, Montague, TX 76251-0121","7549 State Highway 175 N., Montague, TX 76251-0121",26 Feb 15, 10:44:07 PM
Montgomery,01/14/2015,Mr. Mark Castleschouldt,936-756-3354,936-539-8695,castle@mcad-tx.org,http://www.mcad-tx.org/,"P.O. Box 2233, Conroe, TX 77305-2233","109 Gladstell St., Conroe, TX 77305-2233",26 Feb 15, 10:44:07 PM
Moore,01/18/2014,Ms. Jackie Hayhurst,806-935-4193,806-935-2792,cad@valornet.com,http://www.moorecad.org/,"P.O. Box 717, Dumas, TX 79029-0717","121 E. 6th St., Dumas, TX 79029-0717",26 Feb 15, 10:44:07 PM
Morris,02/11/2015,Ms. Summer Golden,903-645-5601,903-645-2694,rriscad@valornet.com,http://www.morriscad.com/,"P.O. Box 563, Daingerfield, TX 75638-0563","501 Crockett St., Ste. 1, Daingerfield, TX 75638-0563",26 Feb 15, 10:44:07 PM
Motley,01/01/2013,Mr. Jim Finley,806-983-5256,806-983-6230,floydcad@sbcglobal.net,not listed,"P.O. Box 249, Floydada, TX 79235-0249","104 E. California St., Floydada, TX 79235-0249",26 Feb 15, 10:44:07 PM
Nacogdoches,01/14/2015,Mr. Gary Woods, RPA, RTA,936-560-3447,936-560-1894,sheila.nacocad@suddenlinkmail.com,http://www.nacocad.org/,"216 W. Hospital St., Nacogdoches, TX 75961-5144","216 W. Hospital St., Nacogdoches, TX 75961-5144",26 Feb 15, 10:44:07 PM
Navarro,01/01/2013,Ms. Karen Morris,903-872-6161,903-874-0604,karenmorriscad@sbcglobal.net,http://www.navarrocad.com,"P.O. Box 3118, Corsicana, TX 75110-3118","111 E. 1st Ave., Corsicana, TX 75110-3118",26 Feb 15, 10:44:07 PM
Newton,01/01/2013,Ms. Margie L. Herrin,409-379-3710,409-379-4020,herrin@newtoncad.org,http://www.newtoncad.org/,"109 Court St., Newton, TX 75966-3202","109 Court St., Newton, TX 75966-3202",26 Feb 15, 10:44:07 PM
Nolan,01/18/2014,Ms. Brenda Klepper,325-235-8421,325-235-8165,bklepper@nolan-cad.org,http://www.nolan-cad.org/,"P.O. Box 1256, Sweetwater, TX 79556-1256","208 Elm St., Sweetwater, TX 79556-1256",26 Feb 15, 10:44:07 PM
Nueces,10/16/2014,Mr. Ramiro Canales,361-881-9978,361-887-6138,nfo@nuecescad.net,http://www.ncadistrict.com/,"201 N. Chaparral St., Suite 206, Corpus Christi, TX 78401-2503","201 N. Chaparral St., Suite 206, Corpus Christi, TX 78401-2503",26 Feb 15, 10:44:07 PM
Ochiltree,01/26/2015,Mr. Burton Jones,806-435-9623,806-435-4198,bjones@ochiltreead.org,http://www.ochiltreecad.com,"825 S. Main St., Ste. 100, Perryton, TX 79070-3556","825 S. Main St., Ste. 100, Perryton, TX 79070-3556",26 Feb 15, 10:44:08 PM
Oldham,01/01/2013,Ms. Brenda Perkins,806-267-2442,806-267-2471,dhamcad@amaonline.com,not listed,"P.O. Box 310, Vega, TX 79092-0310","7th &amp; Vega, Vega, TX 79092-0310",26 Feb 15, 10:44:08 PM
Orange,01/01/2013,Mr. Michael Cedars,409-745-4777,409-745-4112,cedars@orangecad.net,http://www.orangecad.net/,"P.O. Box 457, Orange, TX 77630-0457","9157 IH-10 E., Orange, TX 77630-0457",26 Feb 15, 10:44:08 PM
Palo,05/08/2013,Ms. Donna E. Rhoades,940-659-1281,940-659-2618,drhoades@palopintocad.org,http://www.isouthwestdata.com/client/webindex.aspx?dbkey=palopintocad&time=2013580938031,"P.O. Box 250, Palo Pinto, TX 76484-0250","200 Church Ave., Palo Pinto, TX 76484-0250",26 Feb 15, 10:44:08 PM
Panola,01/18/2014,Mr. Michael Douglas McPhail,903-693-2891,903-693-8229,pcad183@yahoo.com,http://www.panolacad.org/,"1736 Ballpark Drive, Carthage, TX 75633-9998","1736 Ballpark Drive, Carthage, TX 75633-9998",26 Feb 15, 10:44:08 PM
Parker,10/17/2013,Mr. Larry Hammonds,817-596-0077,817-613-8096,rry.hammonds@parkercad.iswdata.com,http://www.parkercad.org/,"1108 Santa Fe Dr., Weatherford, TX 76086-5818","1108 Santa Fe Dr., Weatherford, TX 76086-5818",26 Feb 15, 10:44:08 PM
Parmer,04/16/2013,Ms. Jill Timms,806-251-1405,806-251-1121,pcad@wtrt.net,http://www.parmercad.org/,"P.O. Box 56, Bovina, TX 79009-0056","305 3rd St., Bovina, TX 79009-0056",26 Feb 15, 10:44:08 PM
Pecos,01/01/2013,Mr. Sam Calderon III,432-336-7587,432-336-2665,scalderon@pecoscad.org,http://www.pecoscad.org/,"P.O. Box 237, Fort Stockton, TX 79735-0237","201 S. Main St., Fort Stockton, TX 79735-0237",26 Feb 15, 10:44:08 PM
Polk,07/03/2013,Mr. Chad Hill,936-327-2174,936-327-2545,polkcad@livingston.net,http://www.polkcad.org/,"114 Matthews St., Livingston, TX 77351-3425","114 Matthews St., Livingston, TX 77351-3425",26 Feb 15, 10:44:08 PM
Potter,01/01/2013,Mr. Jim Childers,806-358-1601,806-355-8426,nfo@prad.org,http://www.prad.org/,"P.O. Box 7190, Amarillo, TX 79110-7190","5701 Hollywood Rd., Amarillo, TX 79110-7190",26 Feb 15, 10:44:09 PM
Presidio,5/31/2013,Ms. Cynthia Ramirez,432-729-3431,432-729-4722,presidiocad@sbcglobal.net,http://www.presidiocad.org/,"P.O. Box 879, Marfa, TX 79843-0879","107 E. Texas St., Marfa, TX 79843-0879",26 Feb 15, 10:44:09 PM
Rains,01/01/2013,Mrs. Carrol Houllis,903-473-2391,903-473-4040,carrolh@rainscad.org,http://www.rainscad.org/,"P.O. Box 70, Emory, TX 75440-0070","145 Doris Briggs Pkwy., Emory, TX 75440-0070",26 Feb 15, 10:44:09 PM
Randall,01/01/2013,Mr. Jim Childers,806-358-1601,806-355-8426,nfo@prad.org,http://www.prad.org/,"P.O. Box 7190, Amarillo, TX 79110-7190","5701 Hollywood Rd., Amarillo, TX 79110-7190",26 Feb 15, 10:44:09 PM
Reagan,01/18/2014,Ms. Rhonda Shaw,325-884-3275,325-884-2149,reagancad@verizon.net,http://www.reagancad.org,"P.O. Box 8, Big Lake, TX 76932-0008","409 2nd St., Big Lake, TX 76932-0008",26 Feb 15, 10:44:09 PM
Real,01/01/2013,Mrs. Kelley V. Shults,830-232-6248,830-232-4168,realcadchief@hotmail.com,http://www.realcad.org,"P.O. Box 158, Leakey, TX 78873-0158","101 S. Market St., Leakey, TX 78873-0158",26 Feb 15, 10:44:09 PM
Red,01/01/2013,Ms. Christie Ussery,903-427-4181,903-427-5434,rrad@windstream.net,http://www.rrcad.org/,"P.O. Box 461, Clarksville, TX 75426-0461","203 W. Washington St., Clarksville, TX 75426-0461",26 Feb 15, 10:44:09 PM
Reeves,01/01/2013,John Huddleston,432-445-5122,432-445-5108,johnhuddleston@me.com,http://www.reevescad.org/,"P.O. Box 1229, Pecos, TX 79772-1229","403 S. Cypress St., Pecos, TX 79772-1229",26 Feb 15, 10:44:09 PM
Refugio,01/01/2013,Ms. Connie J. Raymond, RPA,361-526-5994,361-526-4144,connie_rcad@yahoo.com,http://www.refugiocad.org/,"P.O. Box 156, Refugio, TX 78377-0156","420 N. Alamo St., Refugio, TX 78377-0156",26 Feb 15, 10:44:09 PM
Roberts,01/01/2013,Ms. DeAnn Williams,806-868-5281,806-868-4019,deann.williams@co.roberts.tx.us,not listed,"P.O. Box 458, Miami, TX 79059-0458","122 Water St., Miami, TX 79059-0458",26 Feb 15, 10:44:09 PM
Robertson,07/22/2013,Ms. Nancy Commander,979-828-5800,979-828-5137,rcad80@windstream.net,http://robertsoncad.com/,"P.O. Box 998, Franklin, TX 77856-0998","108 Morgan St., Franklin, TX 77856-0998",26 Feb 15, 10:44:10 PM
Rockwall,01/14/2015,Ms. Patricia Davis,972-771-2034,972-771-6871,pdavis@rockwallcad.com,http://www.rockwallcad.com/,"841 Justin Rd., Rockwall, TX 75087-4842","841 Justin Rd., Rockwall, TX 75087-4842",26 Feb 15, 10:44:10 PM
Runnels,01/01/2013,Mr. Larry Reagan,325-365-3583,325-365-5563,runnelscad@co.runnels.tx.us,http://www.isouthwestdata.com,"P.O. Box 524, Ballinger, TX 76821-0524","505 Hutchings Ave., Ballinger, TX 76821-0524",26 Feb 15, 10:44:10 PM
Rusk,10/28/2013,Mr. Terry W. Decker,903-657-3578,903-657-9073,decker@ruskcad.org,http://www.ruskcad.org/,"P.O. Box 7, Henderson, TX 75652-0007","107 N. Van Buren St., Henderson, TX 75652-0007",26 Feb 15, 10:44:10 PM
Sabine,01/01/2013,Mr. Jim Nethery,409-787-2777,409-787-4186,sabinecad@windstream.net,http://www.sabine-cad.org/,"P.O. Box 137, Hemphill, TX 75948-0137","1920 Worth St., Hemphill, TX 75948-0137",26 Feb 15, 10:44:10 PM
San,01/18/2014,Ms. Evelyn Biggers,936-275-3496,936-275-4120,evelynbiggerswatts@sbcglobal.net,http://www.sanaugustinecad.org,"122 N. Harrison St., San Augustine, TX 75972-1906","122 N. Harrison St., San Augustine, TX 75972-1906",26 Feb 15, 10:44:10 PM
San,01/01/2013,Ms. Kelly Foxworth,936-653-1450,936-653-5271,kelly.foxworth@sjcad.org,http://www.sjcad.org/,"P.O. Box 1170, Coldspring, TX 77331-1170","99 Slade St., Coldspring, TX 77331-1170",26 Feb 15, 10:44:10 PM
San,06/25/2013,Mr. Rufino H. Lozano,361-364-5402,361-364-1198,rlozano@spcad-egov.org,http://www.spcad-egov.org,"P.O. Box 938, Sinton, TX 78387-0938","1301 E. Sinton St. Suite B, Sinton, TX 78387-0938",26 Feb 15, 10:44:10 PM
San,10/28/2013,Mrs. Jan Vanderburg,325-372-5031,325-372-3325,sansabacad@yahoo.com,http://www.sansabacad.org,"423 E. Wallace St., San Saba, TX 76877-3527","423 E. Wallace St., San Saba, TX 76877-3527",26 Feb 15, 10:44:10 PM
Schleicher,01/01/2013,Ms. Jani Mitchell,325-853-2617,325-853-4807,jani.mitchel@gmail.com,not listed,"P.O. Box 936, Eldorado, TX 76936-0936","1 W. Warner Ave., Eldorado, TX 76936-0936",26 Feb 15, 10:44:10 PM
Scurry,01/01/2013,Mr. Larry Crooks,325-573-8549,325-573-8458,scad@scurrytex.com,http://www.scurrytex.com/,"2612 College Ave., Snyder, TX 79549-3334","2612 College Ave., Snyder, TX 79549-3334",26 Feb 15, 10:44:10 PM
Shackelford,03/28/2014,Mr. Richard Petree, Interim,325-762-2207,325-762-2208,rpetree@shackelfordcad.com,http://www.shackelfordcad.com/,"P.O. Box 2247, Albany, TX 76430-8011","232 S. Main St., Albany, TX 76430-8011",26 Feb 15, 10:44:11 PM
Shelby,01/01/2013,Mr. Robert N. Pigg,936-598-6171,936-598-7096,scad@sbcglobal.net,http://www.shelbycad.com/,"724 Shelbyville St., Center, TX 75935-3736","724 Shelbyville St., Center, TX 75935-3736",26 Feb 15, 10:44:11 PM
Sherman,01/01/2013,Ms. Teresa Edmond,806-366-5566,806-366-2565,shercad@xit.net,http://www.shermancad.org/,"P.O. Box 239, Stratford, TX 79084-0239","402 N. 3rd St., Stratford, TX 79084-0239",26 Feb 15, 10:44:11 PM
Smith,07/08/2014,Mr. Michael D. Barnett,903-510-8600,903-510-8621,chiefappraiser@scad.org,http://www.smithcad.org/,"245 S. S.E. Loop 323, Tyler, TX 75702-6456","245 S. S.E. Loop 323, Tyler, TX 75702-6456",26 Feb 15, 10:44:11 PM
Somervell,09/20/2013,Mr. Wes Rollen,254-897-4094,254-897-3258,wesrollen@windstream.net,http://www.isouthwestdata.com/,"112 Allen Dr., Glen Rose, TX 76043-4526","112 Allen Dr., Glen Rose, TX 76043-4526",26 Feb 15, 10:44:11 PM
Starr,11/18/2013,Ms. Rosalva Guerra,956-487-5613,956-487-8555,starrcad@caprock-spur.com,http://www.starrcad.org,"100 N. FM 3167, Ste. 300, Rio Grande City, TX 78582-6211","100 N. FM 3167, Ste. 300, Rio Grande City, TX 78582-6211",26 Feb 15, 10:44:11 PM
Stephens,01/18/2014,Ms. Terri Sullivan,254-559-8233,254-559-2897,stephenscad@att.net,http://www.isouthwestdata.com/client/webIndex.aspx?dbkey=stephenscad&time=2013721401003,"P.O. Box 351, Breckenridge, TX 76424-0351","201 S. Rose Ave., Breckenridge, TX 76424-0351",26 Feb 15, 10:44:11 PM
Sterling,01/01/2013,Mr. Ronnie Krejci,325-378-7711,325-378-2266,sterlingcad@verizon.net,http://www.sterlingcad.org,"P.O. Box 28, Sterling City, TX 76951-0028","616 4th St., Sterling City, TX 76951-0028",26 Feb 15, 10:44:11 PM
Stonewall,01/01/2013,Ms. Debra Daniels,940-989-3363,940-989-3695,stonewallcad@valornet.com,not listed,"P.O. Box 308, Aspermont, TX 79502-0308","510 Washington St., Aspermont, TX 79502-0308",26 Feb 15, 10:44:11 PM
Sutton,01/01/2013,Ms. Mary Bustamante,325-387-2809,325-387-2265,gbustamante@verizon.net,http://www.suttoncad.com/,"300 E. Oak St., Ste. 2, Sonora, TX 76950-2671","300 E. Oak St., Ste. 2, Sonora, TX 76950-2671",26 Feb 15, 10:44:11 PM
Swisher,01/18/2014,Ms. Cindy L. McDowell,806-995-4118,806-995-4079,scad.cindy@windstream.net,http://www.swisher-cad.org/,"P.O. Box 8, Tulia, TX 79088-0008","130 N. Armstrong Ave., Tulia, TX 79088-0008",26 Feb 15, 10:44:12 PM
Tarrant,09/08/2014,Mr. Jeff Law,817-284-0024,817-595-6198,jlaw@tad.org,http://www.tad.org/,"2500 Handley-Ederville Rd., Fort Worth, TX 76118-6909","2500 Handley-Ederville Rd., Fort Worth, TX 76118-6909",26 Feb 15, 10:44:12 PM
Taylor,01/18/2014,Mr. Gary Earnest,325-676-9381,325-676-7877,earnest@taylorcountytexas.org,http://www.taylor-cad.org/,"P.O. Box 1800, Abilene, TX 79604-1800","1534 S. Treadaway, Abilene, TX 79604-1800",26 Feb 15, 10:44:12 PM
Terrell,08/08/2013,Mr. Blain Chriesman,432-345-2251,432-345-2526,bchriesm@terrell.esc18.net,http://www.terrellcad.org/,"P.O. Box 747, Sanderson, TX 79848-0747","106 N. Persimmon St., Sanderson, TX 79848-0747",26 Feb 15, 10:44:12 PM
Terry,07/22/2013,Mr. Ronny Burran,806-637-6966,806-637-4675,r.burran@windstream.net,http://terrycoad.org/,"P.O. Box 426, Brownfield, TX 79316-0426","421 W. Powell St., Brownfield, TX 79316-0426",26 Feb 15, 10:44:12 PM
Throckmorton,01/01/2013,Erin Hudson,940-849-5691,940-849-5692,hrockmortoncad@valornet.com,not listed,"P.O. Box 788, Throckmorton, TX 76483-0788","144 N. Minter Ave., Throckmorton, TX 76483-0788",26 Feb 15, 10:44:12 PM
Titus,08/27/2014,Ms. Geraldine Hull,903-572-7939,903-572-5147,uscad@titus-cad.org,http://www.titus-cad.org/,"P.O. Box 528, Mount Pleasant, TX 75456-0528","2404 W. Ferguson Road, Mount Pleasant, TX 75456-0528",26 Feb 15, 10:44:12 PM
Tom,01/01/2013,Mr. Bill H. Benson,325-658-5575,325-657-8197,gcad3@wcc.net,http://www.tomgreencad.com/,"P.O. Box 3307, San Angelo, TX 76902-3307","2302 Pulliam St., San Angelo, TX 76902-3307",26 Feb 15, 10:44:12 PM
Travis,12/01/2014,Ms. Marya Crigler,512-834-9317,512-835-5371,x_info@tcadcentral.org,http://www.traviscad.org/,"P.O. Box 149012, Austin, TX 78714-9012","8314 Cross Park Dr., Austin, TX 78714-9012",26 Feb 15, 10:44:12 PM
Trinity,09/12/2013,Mr. Gary Gallant,936-642-1502,936-642-2336,gary.gallant@trinitycad.net,http://trinitycad.net/,"P.O. Box 950, Groveton, TX 75845-9998","123 S. Main St., Groveton, TX 75845-9998",26 Feb 15, 10:44:12 PM
Tyler,01/01/2013,Mr. Travis E. Chalmers,409-283-3736,409-283-8439,echalmerstcad@sbcglobal.net,http://www.tylercad.net/,"P.O. Drawer 9, Woodville, TX 75979-0009","806 W. Bluff St., Woodville, TX 75979-0009",26 Feb 15, 10:44:13 PM
Upshur,01/18/2014,Ms. Sarah Curtis,903-843-3041,903-843-5764,sarah.curtis@upshur-cad.org,http://www.upshur-cad.org/,"105 Diamond Loch Rd., Gilmer, TX 75644-9372","105 Diamond Loch Rd., Gilmer, TX 75644-9372",26 Feb 15, 10:44:13 PM
Upton,01/01/2013,Ms. Sheri Stephens,432-652-3221,432-652-3372,ssucad@sbcglobal.net,not listed,"P.O. Box 1110, McCamey, TX 79752-1110","700 E. 3rd St., McCamey, TX 79752-1110",26 Feb 15, 10:44:13 PM
Uvalde,01/18/2014,Mr. Alberto M. Mireles,830-278-1106,830-278-8150,reles@uvaldecad.org,http://www.uvaldecad.org/,"209 N. High St., Uvalde, TX 78801-5207","209 N. High St., Uvalde, TX 78801-5207",26 Feb 15, 10:44:13 PM
Val,10/31/2013,Ms. Cherry T. Sheedy,830-774-4602,830-775-2101,cherry.sheedy@valverdecad.org,http://www.valverdecad.org/,"417 W. Cantu Rd., Del Rio, TX 78840-3049","417 W. Cantu Rd., Del Rio, TX 78840-3049",26 Feb 15, 10:44:13 PM
Van,06/19/2014,Mr. Scott Hyde,903-567-6171,903-567-6600,scott.hyde@vzcad.org,http://www.isouthwestdata.com/,"P.O. Box 926, Canton, TX 75103-0926","27867 State Hwy. 64, Canton, TX 75103-0926",26 Feb 15, 10:44:13 PM
Victoria,01/01/2013,Mr. John Haliburton,361-576-3621,361-578-1662,victoriacad@suddenlinkmail.com,http://www.victoriacad.org/,"2805 N. Navarro St., Ste. 300, Victoria, TX 77901-3947","2805 N. Navarro St., Ste. 300, Victoria, TX 77901-3947",26 Feb 15, 10:44:13 PM
Walker,01/18/2014,Mr. Raymond A. Kiser,936-295-0402,936-295-3061,raymondk@walkercountyappraisal.com,http://www.walkercountyappraisal.com/,"P.O. Box 1798, Huntsville, TX 77342-1798","1819 Sycamore Ave., Huntsville, TX 77342-1798",26 Feb 15, 10:44:13 PM
Waller,02/11/2015,Mr. Chris Barzilla,979-921-0060,979-921-0377,chrisb@waller-cad.org,http://www.waller-cad.org,"P.O. Box 887, Hempstead, TX 77445-0887","900 13th St., Hempstead, TX 77445-0887",26 Feb 15, 10:44:14 PM
Ward,01/18/2014,Mr. Arlice Wittie,432-943-3224,432-943-3226,wardcountycad@yahoo.com,http://www.wardcad.org,"P.O. Box 905, Monahans, TX 79756-0905","808 S. Betty St., Monahans, TX 79756-0905",26 Feb 15, 10:44:14 PM
Washington,02/14/2013,Mr. Willy Dilworth,979-277-3740,979-277-3741,wdilworth@brenhamk-12.net,http://www.washingtoncad.org/,"P.O. Box 681, Brenham, TX 77834-0681","1301 Niebuhr St., Brenham, TX 77834-0681",26 Feb 15, 10:44:14 PM
Webb,07/17/2014,Mr. Martin Villarreal,956-718-4091,956-718-3041,webmaster@webbcad.org,http://www.webbcad.org/,"3302 Clark Blvd., Laredo, TX 78043-3346","3302 Clark Blvd., Laredo, TX 78043-3346",26 Feb 15, 10:44:14 PM
Wharton,01/01/2013,Mrs. Tylene Gamble,979-532-8931,979-532-5691,whartoncad@sbcglobal.net,http://www.whartoncad.net/,"308 E. Milam St., Wharton, TX 77488-4918","308 E. Milam St., Wharton, TX 77488-4918",26 Feb 15, 10:44:14 PM
Wheeler,01/01/2013,Ms. Kimberly Morgan,806-826-5900,806-826-5960,wheelercad@windstream.net,http://www.wheelercad.org/,"P.O. Box 1200, Wheeler, TX 79096-1200","402 S. Main St., Wheeler, TX 79096-1200",26 Feb 15, 10:44:14 PM
Wichita,01/01/2013,Mr. Edward H. Trigg III,940-322-2435,940-322-8190,wcad@wfbiz.rr.com,http://www.wadtx.com/,"P.O. Box 5172, Wichita Falls, TX 76307-5172","600 Scott St., 3rd Floor, Wichita Falls, TX 76307-5172",26 Feb 15, 10:44:14 PM
Wilbarger,01/01/2013,Ms. Sandy Burkett,940-553-1857,940-552-9541,wilbargercad@sbcglobal.net,http://www.wilbargerappraisal.org/,"P.O. Box 1519, Vernon, TX 76385-1519","1800 Cumberland St., Vernon, TX 76385-1519",26 Feb 15, 10:44:14 PM
Willacy,01/18/2014,Mr. Agustin Lopez,956-689-5979,956-689-0585,gustinl@prontonet.net,http://www.trueautomation.com/,"688 FM 3168, Raymondville, TX 78580","688 FM 3168, Raymondville, TX 78580",26 Feb 15, 10:44:14 PM
Williamson,08/18/2014,Mr. Alvin Lankford,512-930-3787,<br />,publicservice@wcad.org,http://www.wcad.org/,"625 FM 1460, Georgetown, TX 78626-8050","625 FM 1460, Georgetown, TX 78626-8050",26 Feb 15, 10:44:14 PM
Wilson,08/27/2013,Mr. Brian Stahl,830-393-3065,830-393-7755,cadstaff@felpsis.net,http://wilson-cad.org/,"1611 Railroad St., Floresville, TX 78114-1825","1611 Railroad St., Floresville, TX 78114-1825",26 Feb 15, 10:44:14 PM
Winkler,01/01/2013,Ms. Connie Carpenter,432-586-2832,432-586-3674,winklercad@suddenlinkmail.com,not listed,"P.O. Box 1219, Kermit, TX 79745-1219","107 E. Winkler, Kermit, TX 79745-1219",26 Feb 15, 10:44:14 PM
Wise,02/04/2014,Mr. Mickey Hand,940-627-3081,940-627-5187,wcad1@embarqmail.com,http://www.myswdata.com/,"400 E. Business 380, Decatur, TX 76234-3165","400 E. Business 380, Decatur, TX 76234-3165",26 Feb 15, 10:44:15 PM
Wood,01/01/2013,Mr. Tracy Nichols,903-763-4891,903-763-4183,racyn@woodcad.org,http://www.woodcad.net/,"P.O. Box 1706, Quitman, TX 75783-1706","210 Clark St., Quitman, TX 75783-1706",26 Feb 15, 10:44:15 PM
Yoakum,01/18/2014,Ms. JoAnn Dobson,806-456-7101,806-456-7102,ycad@windstream.net,not listed,"P.O. Box 748, Plains, TX 79355-0748","500 Cowboy Way, Plains, TX 79355-0748",26 Feb 15, 10:44:15 PM
Young,01/01/2013,Mr. Luke Robbins,940-549-2392,940-549-7271,youngcad@sbcglobal.net,http://www.youngcad.org/,"P.O. Box 337, Graham, TX 76450-0337","724 Oak St., Graham, TX 76450-0337",26 Feb 15, 10:44:15 PM
Zapata,01/01/2013,Ms. Amada Gonzalez,956-765-9988,956-765-9991,dagonzalez1@msn.com,http://zapatacad.com/,"200 E. 7th Ave., Ste. 240, Zapata, TX 78076-9998","200 E. 7th Ave., Ste. 240, Zapata, TX 78076-9998",26 Feb 15, 10:44:15 PM
Zavala,01/01/2013,Ms. Yolanda Cervera,830-374-3475,830-374-3076,zavalacad@sbcglobal.net,http://www.zavalacad.com,"323 W. Zavala St., Crystal City, TX 78839-3240","323 W. Zavala St., Crystal City, TX 78839-3240",26 Feb 15, 10:44:15 PM
